variableCode,variableIdAtProvider,variableName,variableURI,variableDescription,units,unitsURI,interpolationType,timeSupport,timeInterval,timeUnits,realTime,country,countryISO3
B838A449A5FBC64CBB8A204A5CD614519EB0844A,https://api.inumet.gub.uy:46,R3,http://hydro.geodab.eu/hydro-ontology/concept/65,Precipitación acumulada 24 horas de 10 a 10 UTC,mm,http://codes.wmo.int/common/unit/mm,TOTAL,1,,day,yes,Uruguay,URY
A9A50F5BD0B683C533E73C4FA73B0A6650D7A99E,urn:uruguay-dinagua:2,Precipitacion,http://hydro.geodab.eu/hydro-ontology/concept/65,Precipitacion,millimeters,http://codes.wmo.int/common/unit/mm,TOTAL,60,60,minutes,,Uruguay,URY
F7B4831EA151DB33AA187F9C4248506E0CE6690C,urn:uruguay-dinagua:1,Nivel,http://hydro.geodab.eu/hydro-ontology/concept/3,Nivel,meters,http://codes.wmo.int/common/unit/m,CONTINUOUS,,1440,minutes,,Uruguay,URY
5C34E7D199E2643B1AA949D920942C576A406AB4,urn:brazil-ana:Vazao_HOURLY,Vazao,http://hydro.geodab.eu/hydro-ontology/concept/76,Vazao,Cubic metre per second,http://codes.wmo.int/common/unit/m3_s-1,CONTINUOUS,,1,hour,yes,Brazil,BRA
80B052462E277E0F7D3002CA6C67E481CD953CDC,urn:brazil-ana:Nivel_HOURLY,Nivel,http://hydro.geodab.eu/hydro-ontology/concept/3,Nivel,Centimetre,http://codes.wmo.int/common/unit/cm,CONTINUOUS,,1,hour,yes,Brazil,BRA
D2DB8BC2930F82D1E5EFA6B529F0262EB0FFE994,urn:brazil-ana:Chuva_HOURLY,Chuva,http://hydro.geodab.eu/hydro-ontology/concept/65,Chuva,millimeter,http://codes.wmo.int/common/unit/mm,TOTAL_PREC,1,,hour,yes,Brazil,BRA
06E5F721CC43E13B6F10E80EADBBECEB86B539B9,https://portal.inmet.gov.br/manual/manual-bndmet:I283,"EVAPOTRANSPIRAÇAO POTENCIAL, BH MENSAL",,"EVAPOTRANSPIRAÇAO POTENCIAL, BH MENSAL",mm,http://codes.wmo.int/common/unit/mm,CONTINUOUS,,,month,,Brazil,BRA
0DED71D5B7015256DA1B24EBC1A5C02470ED90BF,https://portal.inmet.gov.br/manual/manual-bndmet:I109,PRESSAO ATMOSFERICA MEDIA DIARIA (AUT),,PRESSAO ATMOSFERICA MEDIA DIARIA (AUT),mB,http://codes.wmo.int/common/unit/hPa,AVERAGE,1,,day,yes,Brazil,BRA
13C613D77FED7D5863A85AEF47BB9FF710C698E8,https://portal.inmet.gov.br/manual/manual-bndmet:I258,"UMIDADE RELATIVA DO AR, MEDIA MENSAL",,"UMIDADE RELATIVA DO AR, MEDIA MENSAL",%,http://codes.wmo.int/common/unit/percent,AVERAGE,1,,month,,Brazil,BRA
17199EB78CD7551D5837FE16EDC1829484A9F434,https://portal.inmet.gov.br/manual/manual-bndmet:I117,CL (NUVENS BAIXAS),,CL (NUVENS BAIXAS),codigo,,CONTINUOUS,,,hour,yes,Brazil,BRA
263F949022EDFE183D5C7C9491754C9E8CAFEB05,https://portal.inmet.gov.br/manual/manual-bndmet:I102,"TEMPERATURA DO AR - BULBO UMIDO, HORARIA",,"TEMPERATURA DO AR - BULBO UMIDO, HORARIA",°C,http://codes.wmo.int/common/unit/Cel,CONTINUOUS,,,hour,,Brazil,BRA
313C732BF557C7FB602B3959CD3A80C9C4D8C076,https://portal.inmet.gov.br/manual/manual-bndmet:I218,"VENTO, VELOCIDADE MÉDIA MENSAL (AUT)",,"VENTO, VELOCIDADE MÉDIA MENSAL (AUT)",m/s,http://codes.wmo.int/common/unit/m_s-1,AVERAGE,1,,month,yes,Brazil,BRA
341D7471F198EA8970BC3031086B3A67FF173487,https://portal.inmet.gov.br/manual/manual-bndmet:I121,CM (NUVENS MEDIAS),,CM (NUVENS MEDIAS),codigo,,AVERAGE,1,,hour,,Brazil,BRA
3AB804205AF50B72A1C7F5E47057A9D6C852D72C,https://portal.inmet.gov.br/manual/manual-bndmet:I297,"NEBULOSIDADE, MEDIA MENSAL",,"NEBULOSIDADE, MEDIA MENSAL",décimos,,AVERAGE,1,,month,,Brazil,BRA
42E0859F19D8D3EEAD80DD47CE7A7B5DC94BB52C,https://portal.inmet.gov.br/manual/manual-bndmet:I005,"PRECIPITAÇÃO TOTAL, DIARIO",,"PRECIPITAÇÃO TOTAL, DIARIO",mm,http://codes.wmo.int/common/unit/mm,TOTAL,1,,day,yes,Brazil,BRA
44281E7FB5CCCA8CFFEB2EA0DFABBC710D448B4E,https://portal.inmet.gov.br/manual/manual-bndmet:I007,"TEMPERATURA MÁXIMA, DIARIA (AUT)",,"TEMPERATURA MÁXIMA, DIARIA (AUT)",°C,http://codes.wmo.int/common/unit/Cel,MAX,1,,day,yes,Brazil,BRA
44F4FC6ABA9630F65BF07516C47C7B703F065C83,https://portal.inmet.gov.br/manual/manual-bndmet:I201,"TEMPERATURA MÁXIMA MEDIA, MENSAL",,"TEMPERATURA MÁXIMA MEDIA, MENSAL",°C,http://codes.wmo.int/common/unit/Cel,MAX,1,,month,yes,Brazil,BRA
4800D4EC5365CFCD17D47C96CA44BA4A285D110E,https://portal.inmet.gov.br/manual/manual-bndmet:I004,"TEMPERATURA MÉDIA COMPENSADA, DIARIA",,"TEMPERATURA MÉDIA COMPENSADA, DIARIA",°C,http://codes.wmo.int/common/unit/Cel,AVERAGE,1,,day,,Brazil,BRA
49934E86375E010327D50C168DE5EDA6FE12FDF3,https://portal.inmet.gov.br/manual/manual-bndmet:I208,"PRECIPITAÇÃO TOTAL, MENSAL",,"PRECIPITAÇÃO TOTAL, MENSAL",mm,http://codes.wmo.int/common/unit/mm,TOTAL,1,,month,yes,Brazil,BRA
4DFAAD89E08C086ED9E10FCBC164FFA4206D3D68,https://portal.inmet.gov.br/manual/manual-bndmet:I018,"VENTO, VELOCIDADE MEDIA DIARIA",,"VENTO, VELOCIDADE MEDIA DIARIA",m/s,http://codes.wmo.int/common/unit/m_s-1,AVERAGE,1,,day,,Brazil,BRA
4FB74D2B3C932B3919E43847ADD93A61866CC143,https://portal.inmet.gov.br/manual/manual-bndmet:I125,CH (NUVENS ALTAS),,CH (NUVENS ALTAS),codigo,,CONTINUOUS,,,hour,yes,Brazil,BRA
5095304878AC98A51DC4C2B3B3CBBAEBEA4963DF,https://portal.inmet.gov.br/manual/manual-bndmet:I002,"TEMPERATURA MÁXIMA, DIARIA",,"TEMPERATURA MÁXIMA, DIARIA",°C,http://codes.wmo.int/common/unit/Cel,MAX,1,,day,,Brazil,BRA
525F30347BDF30C247D9BA0CD7BA745507DC127D,https://portal.inmet.gov.br/manual/manual-bndmet:I295,"EVAPORACAO DO PICHE, MENSAL",,"EVAPORACAO DO PICHE, MENSAL",mm,http://codes.wmo.int/common/unit/mm,TOTAL,1,,month,,Brazil,BRA
54DF3A7E4C8ED47459CDC1E3C81DED8A48797642,https://portal.inmet.gov.br/manual/manual-bndmet:I175,"PRECIPITAÇÃO TOTAL, HORÁRIO",,"PRECIPITAÇÃO TOTAL, HORÁRIO",mm,http://codes.wmo.int/common/unit/mm,TOTAL,1,,hour,yes,Brazil,BRA
5B3F95BD5F1F2957ED06C406217ABEB07B58667E,https://portal.inmet.gov.br/manual/manual-bndmet:I113,"VENTO, DIREÇÃO HORARIA (gr)",,"VENTO, DIREÇÃO HORARIA (gr)",° (gr),http://codes.wmo.int/common/unit/degree_(angle),CONTINUOUS,,,hour,yes,Brazil,BRA
5BAAFBD9825385482A4ABAB310D0B90AFCE2582B,https://portal.inmet.gov.br/manual/manual-bndmet:I008,"TEMPERATURA MÍNIMA, DIARIA (AUT)",,"TEMPERATURA MÍNIMA, DIARIA (AUT)",°C,http://codes.wmo.int/common/unit/Cel,MIN,1,,day,yes,Brazil,BRA
5D5C8CD4F333DB99446BD47D0789D576E2A2C2A4,https://portal.inmet.gov.br/manual/manual-bndmet:I621,"VENTO, RAJADA MAXIMA DIARIA (AUT)",,"VENTO, RAJADA MAXIMA DIARIA (AUT)",m/s,http://codes.wmo.int/common/unit/m_s-1,MAX,1,,day,yes,Brazil,BRA
5EAAF6140AE38B6E7B5998F38271000ADFCA22E3,https://portal.inmet.gov.br/manual/manual-bndmet:I120,"UMIDADE RELATIVA DO AR, MEDIA DIARIA (AUT)",,"UMIDADE RELATIVA DO AR, MEDIA DIARIA (AUT)",%,http://codes.wmo.int/common/unit/percent,AVERAGE,1,,day,yes,Brazil,BRA
5F482E39DCB002803C6C74712F078A33462CD131,https://portal.inmet.gov.br/manual/manual-bndmet:I106,"PRESSAO ATMOSFERICA AO NIVEL DA ESTACAO, HORARIA",,"PRESSAO ATMOSFERICA AO NIVEL DA ESTACAO, HORARIA",mB,http://codes.wmo.int/common/unit/hPa,CONTINUOUS,,,hour,,Brazil,BRA
620D0EBA430BFB349CA35F1023C8A4C86EFB629D,https://portal.inmet.gov.br/manual/manual-bndmet:I003,"TEMPERATURA MÍNIMA, DIARIA",,"TEMPERATURA MÍNIMA, DIARIA",°C,http://codes.wmo.int/common/unit/Cel,MIN,1,,day,,Brazil,BRA
66AFF0CD0387C96D632215A9FDC6DB7A233B6A87,https://portal.inmet.gov.br/manual/manual-bndmet:I112,"VENTO, DIREÇÃO HORARIA",,"VENTO, DIREÇÃO HORARIA",codigo,,CONTINUOUS,,,hour,yes,Brazil,BRA
6804D25F4FD4FAB82E1B09B7EB2A8CC0890CB982,https://portal.inmet.gov.br/manual/manual-bndmet:I220,"TEMPERATURA MÉDIA, MENSAL (AUT)",,"TEMPERATURA MÉDIA, MENSAL (AUT)",°C,http://codes.wmo.int/common/unit/Cel,AVERAGE,1,,month,yes,Brazil,BRA
6A1207635C2220886869225C67B8F68E0627DDE3,https://portal.inmet.gov.br/manual/manual-bndmet:I209,"PRECIPITAÇÃO TOTAL, MENSAL (AUT)",,"PRECIPITAÇÃO TOTAL, MENSAL (AUT)",mm,http://codes.wmo.int/common/unit/mm,TOTAL,1,,month,yes,Brazil,BRA
7398B91097BB42FD41B8A9F3E8DA50B5BDEC4931,https://portal.inmet.gov.br/manual/manual-bndmet:I617,UMIDADE REL. MAX. NA HORA ANT. (AUT),,UMIDADE REL. MAX. NA HORA ANT. (AUT),%,http://codes.wmo.int/common/unit/percent,MAX,1,,hour,yes,Brazil,BRA
74925DA8F4319F37AD76FE94BD66AA08C6B5B619,https://portal.inmet.gov.br/manual/manual-bndmet:I203,"TEMPERATURA MÉDIA COMPENSADA, MENSAL",,"TEMPERATURA MÉDIA COMPENSADA, MENSAL",°C,http://codes.wmo.int/common/unit/Cel,AVERAGE,1,,month,,Brazil,BRA
759AC3B73764E85126B987F70DD86F615D80FE69,https://portal.inmet.gov.br/manual/manual-bndmet:I114,"NEBULOSIDADE, HORÁRIA",,"NEBULOSIDADE, HORÁRIA",décimos,,CONTINUOUS,,,hour,yes,Brazil,BRA
761DC88C484A8037F45C3FA8AE15EE837515E815,https://portal.inmet.gov.br/manual/manual-bndmet:I108,"PRESSAO ATMOSFERICA REDUZIDA NIVEL DO MAR, AUT",,"PRESSAO ATMOSFERICA REDUZIDA NIVEL DO MAR, AUT",mB,http://codes.wmo.int/common/unit/hPa,CONTINUOUS,,,hour,yes,Brazil,BRA
85D9EADE28C102CCE3EDA6474E91864BD6C45601,https://portal.inmet.gov.br/manual/manual-bndmet:I229,"NUMERO DE DIAS COM PRECIP. PLUV, MENSAL",,"NUMERO DE DIAS COM PRECIP. PLUV, MENSAL",número,,CONST,1,,month,,Brazil,BRA
887E5D260B2B5D2ABFCA1CDC064D5849709E003D,https://portal.inmet.gov.br/manual/manual-bndmet:I221,"VENTO, VELOCIDADE MAXIMA MENSAL (AUT)",,"VENTO, VELOCIDADE MAXIMA MENSAL (AUT)",m/s,http://codes.wmo.int/common/unit/m_s-1,MAX,1,,month,yes,Brazil,BRA
8D40E69CDB832C56BE5D8A19DB914B7B2B68217C,https://portal.inmet.gov.br/manual/manual-bndmet:I111,"VENTO, VELOCIDADE HORARIA",,"VENTO, VELOCIDADE HORARIA",m/s,http://codes.wmo.int/common/unit/m_s-1,CONTINUOUS,,,hour,yes,Brazil,BRA
8FE056A2CA4D120DFD5B733BE775343DF91C28E5,https://portal.inmet.gov.br/manual/manual-bndmet:I017,"UMIDADE RELATIVA DO AR, MEDIA DIARIA",,"UMIDADE RELATIVA DO AR, MEDIA DIARIA",%,http://codes.wmo.int/common/unit/percent,AVERAGE,1,,day,yes,Brazil,BRA
9163E8CAC3FAB65788FFBAEF48E828465EA3C833,https://portal.inmet.gov.br/manual/manual-bndmet:I133,RADIACAO GLOBAL,,RADIACAO GLOBAL,Kj/m²,,CONTINUOUS,,,hour,yes,Brazil,BRA
A760D5E4D052B79F08DF23C319CD0D53B1533A29,https://portal.inmet.gov.br/manual/manual-bndmet:I620,TENSÃO DA BATERIA DA ESTAÇÃO,,TENSÃO DA BATERIA DA ESTAÇÃO,V,http://codes.wmo.int/common/unit/V,CONTINUOUS,,,hour,yes,Brazil,BRA
A85C9B76D75391118E109AD81B6A2CEACAB26AF6,https://portal.inmet.gov.br/manual/manual-bndmet:I618,UMIDADE REL. MIN. NA HORA ANT. (AUT),,UMIDADE REL. MIN. NA HORA ANT. (AUT),%,http://codes.wmo.int/common/unit/percent,MIN,1,,hour,yes,Brazil,BRA
ADA2CB594BD44C2BD0AE8CF79910F2193EEA3F62,https://portal.inmet.gov.br/manual/manual-bndmet:I299,"DIRECAO PREDOMINANTE DO VENTO, MENSAL",,"DIRECAO PREDOMINANTE DO VENTO, MENSAL",° (gr),http://codes.wmo.int/common/unit/degree_(angle),MIN,1,,month,,Brazil,BRA
AE2C8E376F957EB723E7356F73CD645E6CF981A6,https://portal.inmet.gov.br/manual/manual-bndmet:I608,"VENTO, RAJADA MAXIMA",,"VENTO, RAJADA MAXIMA",m/s,http://codes.wmo.int/common/unit/m_s-1,MAX,1,,hour,yes,Brazil,BRA
AEAF735EBFC73611C8A50B6D0319BD4258B45918,https://portal.inmet.gov.br/manual/manual-bndmet:I006,"PRECIPITAÇÃO TOTAL, DIARIO (AUT)",,"PRECIPITAÇÃO TOTAL, DIARIO (AUT)",mm,http://codes.wmo.int/common/unit/mm,TOTAL,1,,day,yes,Brazil,BRA
AF54A9745DFBF6F2BA0BBCB2CC2195E9AE764EA0,https://portal.inmet.gov.br/manual/manual-bndmet:I292,"INSOLACAO TOTAL, MENSAL",,"INSOLACAO TOTAL, MENSAL",h,http://codes.wmo.int/common/unit/h_pref,TOTAL,1,,month,yes,Brazil,BRA
B2F7437D6C58337D04C2D115FA5C875140B89B45,https://portal.inmet.gov.br/manual/manual-bndmet:I230,"NUMERO DE DIAS COM PRECIP. PLUV, MENSAL (AUT)",,"NUMERO DE DIAS COM PRECIP. PLUV, MENSAL (AUT)",número,,CONST,1,,month,yes,Brazil,BRA
B3B8E6347D38454F5AA95875242D5E6B082A4112,https://portal.inmet.gov.br/manual/manual-bndmet:I291,"VENTO, VELOCIDADE MAXIMA MENSAL",,"VENTO, VELOCIDADE MAXIMA MENSAL",m/s,http://codes.wmo.int/common/unit/m_s-1,MAX,1,,month,,Brazil,BRA
B577E37B0994EBE844508B47355116D976C84F2F,https://portal.inmet.gov.br/manual/manual-bndmet:I612,TEMPERATURA MÍNIMA NA HORA ANT. (AUT),,TEMPERATURA MÍNIMA NA HORA ANT. (AUT),°C,http://codes.wmo.int/common/unit/Cel,MIN,1,,hour,yes,Brazil,BRA
B690A3109EDD52C0B42784F628FF7B7B5628B7C8,https://portal.inmet.gov.br/manual/manual-bndmet:I103,TEMPERATURA DO PONTO DE ORVALHO,,TEMPERATURA DO PONTO DE ORVALHO,°C,http://codes.wmo.int/common/unit/Cel,CONTINUOUS,,,hour,yes,Brazil,BRA
B9AB4121A295C20B0C3AA8406ED2CF31AAAA4B71,https://portal.inmet.gov.br/manual/manual-bndmet:I611,TEMPERATURA MÁXIMA NA HORA ANT. (AUT),,TEMPERATURA MÁXIMA NA HORA ANT. (AUT),°C,http://codes.wmo.int/common/unit/Cel,MAX,1,,hour,yes,Brazil,BRA
BB69919FBEF11FE63F151FD83CE1630B22CDDB37,https://portal.inmet.gov.br/manual/manual-bndmet:I104,"TEMPERATURA MÉDIA, DIÁRIA (AUT)",,"TEMPERATURA MÉDIA, DIÁRIA (AUT)",°C,http://codes.wmo.int/common/unit/Cel,AVERAGE,1,,day,yes,Brazil,BRA
C553B6B45ED2CF6C01F8D698347D4646637EFBD6,https://portal.inmet.gov.br/manual/manual-bndmet:I105,"UMIDADE RELATIVA DO AR, HORARIA",,"UMIDADE RELATIVA DO AR, HORARIA",%,http://codes.wmo.int/common/unit/percent,CONTINUOUS,,,hour,yes,Brazil,BRA
C7CF845B0EBA8CA0488F6B4E5840A4EC01FC1292,https://portal.inmet.gov.br/manual/manual-bndmet:I616,PRESSÃO ATMOSFERICA MIN. NA HORA ANT. (AUT),,PRESSÃO ATMOSFERICA MIN. NA HORA ANT. (AUT),mB,http://codes.wmo.int/common/unit/hPa,MIN,1,,hour,yes,Brazil,BRA
CC7ED0E040EA1731CA471DD313745FD8B3760600,https://portal.inmet.gov.br/manual/manual-bndmet:I107,"PRESSAO ATMOSFERICA AO NIVEL DO MAR, HORARIA",,"PRESSAO ATMOSFERICA AO NIVEL DO MAR, HORARIA",mB,http://codes.wmo.int/common/unit/hPa,CONTINUOUS,,,hour,yes,Brazil,BRA
CDE0D1888442CC690D7F739F543724A2F23A94B1,https://portal.inmet.gov.br/manual/manual-bndmet:I219,"PRESSAO ATMOSFERICA, MEDIA MENSAL (AUT)",,"PRESSAO ATMOSFERICA, MEDIA MENSAL (AUT)",mB,http://codes.wmo.int/common/unit/hPa,AVERAGE,1,,month,yes,Brazil,BRA
D7C0A3B78A4CE4EB770FEBE956F3B7645341A8F2,https://portal.inmet.gov.br/manual/manual-bndmet:I202,"TEMPERATURA MÍNIMA MEDIA, MENSAL",,"TEMPERATURA MÍNIMA MEDIA, MENSAL",°C,http://codes.wmo.int/common/unit/Cel,MIN,1,,month,,Brazil,BRA
D860E79ECC0BE06902F655157C170FA6B13E2D46,https://portal.inmet.gov.br/manual/manual-bndmet:I088,"EVAPORACAO DO PICHE, DIARIA",,"EVAPORACAO DO PICHE, DIARIA",mm,http://codes.wmo.int/common/unit/mm,CONTINUOUS,,,day,,Brazil,BRA
DB573A1CC478B4BC52DD9BC29F52AC786E73A400,https://portal.inmet.gov.br/manual/manual-bndmet:I256,"UMIDADE RELATIVA DO AR, MINIMA DIARIA (AUT)",,"UMIDADE RELATIVA DO AR, MINIMA DIARIA (AUT)",%,http://codes.wmo.int/common/unit/percent,MIN,1,,day,yes,Brazil,BRA
DDD88776C2FB14C7D1B6DFB960903458728FB079,https://portal.inmet.gov.br/manual/manual-bndmet:I613,TEMPERATURA ORVALHO MAX. NA HORA ANT. (AUT),,TEMPERATURA ORVALHO MAX. NA HORA ANT. (AUT),°C,http://codes.wmo.int/common/unit/Cel,MAX,1,,hour,,Brazil,BRA
DE1CB26EAD8211FA7844E7BAE0AFF9AB918ED805,https://portal.inmet.gov.br/manual/manual-bndmet:I009,"VENTO, VELOCIDADE MÉDIA DIÁRIA (AUT)",,"VENTO, VELOCIDADE MÉDIA DIÁRIA (AUT)",m/s,http://codes.wmo.int/common/unit/m_s-1,AVERAGE,1,,day,yes,Brazil,BRA
E10B70E389819872B752881869752EC685E5AE28,https://portal.inmet.gov.br/manual/manual-bndmet:I084,"INSOLACAO TOTAL, DIARIO",,"INSOLACAO TOTAL, DIARIO",h,http://codes.wmo.int/common/unit/h_pref,TOTAL,1,,day,,Brazil,BRA
E1F1E450E7893E405A57FAADE9BFEC35A9B2DFC8,https://portal.inmet.gov.br/manual/manual-bndmet:I284,"EVAPOTRANSPIRAÇAO REAL, BH MENSAL",,"EVAPOTRANSPIRAÇAO REAL, BH MENSAL",mm,http://codes.wmo.int/common/unit/mm,CONTINUOUS,,,month,,Brazil,BRA
E25B10497AE1D29A5F811BE9454C36842999BAD2,https://portal.inmet.gov.br/manual/manual-bndmet:I101,"TEMPERATURA DO AR - BULBO SECO, HORARIA",,"TEMPERATURA DO AR - BULBO SECO, HORARIA",°C,http://codes.wmo.int/common/unit/Cel,CONTINUOUS,,,hour,yes,Brazil,BRA
E58F494CE2710C62C7C265877BFADEAC672EADA1,https://portal.inmet.gov.br/manual/manual-bndmet:I619,TEMPERATURA DA CPU DA ESTAÇÃO,,TEMPERATURA DA CPU DA ESTAÇÃO,°C,http://codes.wmo.int/common/unit/Cel,CONTINUOUS,,,hour,yes,Brazil,BRA
E62293E77417A372E5D348EA915A8B7EE1D999E8,https://portal.inmet.gov.br/manual/manual-bndmet:I300,"PRESSAO ATMOSFERICA AO NIVEL DO MAR, MEDIA MENSAL",,"PRESSAO ATMOSFERICA AO NIVEL DO MAR, MEDIA MENSAL",mB,http://codes.wmo.int/common/unit/hPa,AVERAGE,1,,month,,Brazil,BRA
E7C2968ACD0F93C29FB305FF54B078E48D9A07F5,https://portal.inmet.gov.br/manual/manual-bndmet:I614,TEMPERATURA ORVALHO MIN. NA HORA ANT. (AUT),,TEMPERATURA ORVALHO MIN. NA HORA ANT. (AUT),°C,http://codes.wmo.int/common/unit/Cel,MIN,1,,hour,,Brazil,BRA
E923D35FCA867AD046A6A79F345A61B116B16A19,https://portal.inmet.gov.br/manual/manual-bndmet:I110,"VISIBILIDADE, HORARIA",,"VISIBILIDADE, HORARIA",codigo,,CONTINUOUS,,,hour,yes,Brazil,BRA
EA9033675DF9E593369D80143A88E183366732B6,https://portal.inmet.gov.br/manual/manual-bndmet:I296,"VENTO, VELOCIDADE MEDIA MENSAL",,"VENTO, VELOCIDADE MEDIA MENSAL",m/s,http://codes.wmo.int/common/unit/m_s-1,AVERAGE,1,,month,,Brazil,BRA
EAE0A4182158373495BD71A013558C1A3CFE5AB6,https://portal.inmet.gov.br/manual/manual-bndmet:I290,"VISIBILIDADE, MEDIA MENSAL",,"VISIBILIDADE, MEDIA MENSAL",codigo,,AVERAGE,1,,month,,Brazil,BRA
F3C59FE21F90375CABDD6AAE88D73076B36B7DCB,https://portal.inmet.gov.br/manual/manual-bndmet:I298,"PRESSAO ATMOSFERICA, MEDIA MENSAL",,"PRESSAO ATMOSFERICA, MEDIA MENSAL",mB,http://codes.wmo.int/common/unit/hPa,AVERAGE,1,,month,yes,Brazil,BRA
F4E219A55E79CF2FA55BCE5DE8B1F5C4E50E69A2,https://portal.inmet.gov.br/manual/manual-bndmet:I615,PRESSÃO ATMOSFERICA MAX.NA HORA ANT. (AUT),,PRESSÃO ATMOSFERICA MAX.NA HORA ANT. (AUT),mB,http://codes.wmo.int/common/unit/hPa,MAX,1,,hour,yes,Brazil,BRA
FFE880B83C5847E6AD7EDC41CF20849F55A71CCD,https://portal.inmet.gov.br/manual/manual-bndmet:I116,TEMPERATURA DO PONTO DE ORVALHO MEDIA DIARIA (AUT),,TEMPERATURA DO PONTO DE ORVALHO MEDIA DIARIA (AUT),°C,http://codes.wmo.int/common/unit/Cel,AVERAGE,1,,day,yes,Brazil,BRA
0B62463A8F8DE9DBB777F970195DC02E26CC4629,urn:br.gov.ana.sar:parameter:cota,Level,http://hydro.geodab.eu/hydro-ontology/concept/3,cota,m,http://codes.wmo.int/common/unit/m,CONTINUOUS,,,,,Brazil,BRA
1B4FAD27021F87C7B176D4C5178619495C0777A4,urn:br.gov.ana.sar:parameter:afluencia,Inflow discharge (to the reservoir),,afluencia,m³/s,http://codes.wmo.int/common/unit/m3_s-1,AVERAGE,1,,day,,Brazil,BRA
4847D38D5EC11F3A87B3821604DDC622DF6FB5CB,urn:br.gov.ana.sar:parameter:volumeUtil:resolution:86400000,Volume,http://hydro.geodab.eu/hydro-ontology/concept/84,volumeUtil,%,http://codes.wmo.int/common/unit/percent,CONTINUOUS,,86400000,ms,yes,Brazil,BRA
514DB034F5483F30026291BB981096B437EFE11F,urn:br.gov.ana.sar:parameter:volume,Reservoir storage,http://hydro.geodab.eu/hydro-ontology/concept/86,volume,hm³,,CONTINUOUS,,,,,Brazil,BRA
5F6E972A55D21E844E8256F259DC418454E16787,urn:br.gov.ana.sar:parameter:capacidade,Total reservoir capacity,,capacidade,hm³,,CONST,,,,,Brazil,BRA
6AA6C8AF684BF2DAC15E4B7D7B38EC2FF631A3A8,urn:br.gov.ana.sar:parameter:cota:resolution:86400000,Level,http://hydro.geodab.eu/hydro-ontology/concept/3,cota,m,http://codes.wmo.int/common/unit/m,CONTINUOUS,,86400000,ms,yes,Brazil,BRA
8ABB624B5F6CE317BEC0D14A4B1AB7F121A3B1F2,urn:br.gov.ana.sar:parameter:afluencia:resolution:86400000,Inflow discharge (to the reservoir),,afluencia,m³/s,http://codes.wmo.int/common/unit/m3_s-1,AVERAGE,1,86400000,ms,yes,Brazil,BRA
8D3F156BB84DC053CB935F58D0F7FB6F816BB38E,urn:br.gov.ana.sar:parameter:defluencia,Outflow discharge (from the reservoir),,defluencia,m³/s,http://codes.wmo.int/common/unit/m3_s-1,AVERAGE,1,,day,,Brazil,BRA
941CC3F495C4F4D36921A953A419B73396362B7D,urn:br.gov.ana.sar:parameter:defluencia:resolution:86400000,Outflow discharge (from the reservoir),,defluencia,m³/s,http://codes.wmo.int/common/unit/m3_s-1,AVERAGE,1,86400000,ms,yes,Brazil,BRA
C92E05A6FBB921CC7F0562D84E17AE0DBE02DEB5,urn:br.gov.ana.sar:parameter:volumeUtil,Volume,http://hydro.geodab.eu/hydro-ontology/concept/84,volumeUtil,%,http://codes.wmo.int/common/unit/percent,CONTINUOUS,,,,,Brazil,BRA
F923311DA0ACB1793D8E5A053F2335192518CDAE,urn:br.gov.ana.sar:parameter:volume:resolution:86400000,Reservoir storage,http://hydro.geodab.eu/hydro-ontology/concept/86,volume,hm³,,CONTINUOUS,,86400000,ms,yes,Brazil,BRA
FFA1832922B310B609861D1657086313492381DA,urn:br.gov.ana.sar:parameter:capacidade:resolution:86400000,Total reservoir capacity,,capacidade,hm³,,CONST,,86400000,ms,yes,Brazil,BRA
1332ECE4CAEEA53BF7644BA20B3DC4C2D085617D,argentina-ina:INA:60,Barometric pressure,http://hydro.geodab.eu/hydro-ontology/concept/56,Barometric pressure Data type: Continuous Value type: Field Observation Units: hectoPascales Units type: Pressure Unit abbreviation:  No data value: -9999 Speciation: ,hectoPascales,http://codes.wmo.int/common/unit/hPa,CONTINUOUS,,,day,yes,Argentina,ARG
15A8E68572CD0E538D6520C8ABD34F5680CFF81A,argentina-ina:INA:29,Discharge,http://hydro.geodab.eu/hydro-ontology/concept/76,Discharge Data type: Sporadic Value type: Field Observation Units: metros cúbicos por segundo Units type: Flow Unit abbreviation:  No data value: -9999 Speciation: ,metros cúbicos por segundo,http://codes.wmo.int/common/unit/m3_s-1,DISCONTINUOUS,,,minute,,Argentina,ARG
18B45DF252F7DA893176183AC320E03418ED5969,argentina-ina:INA:50,Gage height,http://hydro.geodab.eu/hydro-ontology/concept/3,Gage height Data type: Maximum Value type: Field Observation Units: metros Units type: Length Unit abbreviation:  No data value: -9999 Speciation: ,metros,http://codes.wmo.int/common/unit/m,MAX_SUCC,1,,month,,Argentina,ARG
2A81093531780534534C7ED3C49D410526C9FBAB,argentina-ina:INA:57,Wind Direction,http://hydro.geodab.eu/hydro-ontology/concept/67,Wind Direction Data type: Continuous Value type: Field Observation Units: grados Units type: Angle Unit abbreviation:  No data value: -9999 Speciation: ,grados,http://codes.wmo.int/common/unit/degree_(angle),CONTINUOUS,,,day,yes,Argentina,ARG
3010373D0F2FA57AA54BFC3F4E6A446C4653DB63,argentina-ina:INA:53,Temperature,http://hydro.geodab.eu/hydro-ontology/concept/40,Temperature Data type: Continuous Value type: Field Observation Units: grados centígrados Units type: Temperature Unit abbreviation:  No data value: -9999 Speciation: ,grados centígrados,http://codes.wmo.int/common/unit/Cel,CONTINUOUS,,,day,yes,Argentina,ARG
316DA204B35B413B3032732FE919118843328578,argentina-ina:INA:28,Gage height,http://hydro.geodab.eu/hydro-ontology/concept/3,Gage height Data type: Sporadic Value type: Field Observation Units: metros Units type: Length Unit abbreviation:  No data value: -9999 Speciation: ,metros,http://codes.wmo.int/common/unit/m,DISCONTINUOUS,,,minute,,Argentina,ARG
3E4D685B1B2B4A439738E82360E8541EC66BE7F4,argentina-ina:INA:27,Precipitation,http://hydro.geodab.eu/hydro-ontology/concept/65,Precipitation Data type: Preceding Total Value type: Field Observation Units: milímetros Units type: Length Unit abbreviation:  No data value: -9999 Speciation: ,milímetros,http://codes.wmo.int/common/unit/mm,,,,day,yes,Uruguay,URY
435723334E47400E56AAD9E883BC3314709A48D9,argentina-ina:INA:39,Gage height,http://hydro.geodab.eu/hydro-ontology/concept/3,Gage height Data type: Average Value type: Field Observation Units: metros Units type: Length Unit abbreviation:  No data value: -9999 Speciation: ,metros,http://codes.wmo.int/common/unit/m,AVERAGE_SUCC,1,,day,,Argentina,ARG
472D1E733D426DC0A514D0BD6A2AAA7541CCEC3A,argentina-ina:INA:4,Discharge,http://hydro.geodab.eu/hydro-ontology/concept/76,Discharge Data type: Continuous Value type: Derived Value Units: metros cúbicos por segundo Units type: Flow Unit abbreviation:  No data value: -9999 Speciation: ,metros cúbicos por segundo,http://codes.wmo.int/common/unit/m3_s-1,CONTINUOUS,,,minute,,Argentina,ARG
47BEF10439748057FFDEAC0E655B86E41E327C0B,argentina-ina:INA:33,Gage height,http://hydro.geodab.eu/hydro-ontology/concept/3,Gage height Data type: Average Value type: Field Observation Units: metros Units type: Length Unit abbreviation:  No data value: -9999 Speciation: ,metros,http://codes.wmo.int/common/unit/m,AVERAGE_SUCC,1,,month,,Argentina,ARG
4E47D870E717581F520F6C4EBE8E23962A880107,argentina-ina:INA:1,Precipitation,http://hydro.geodab.eu/hydro-ontology/concept/65,Precipitation Data type: Cumulative Value type: Field Observation Units: milímetros Units type: velocity Unit abbreviation:  No data value: -9999 Speciation: ,milímetros,http://codes.wmo.int/common/unit/mm,TOTAL_SUCC,1,,day,yes,Uruguay,URY
55A076FB030CAFB335E23F2C6ED7CE5E3C14A5F2,argentina-ina:INA:55,Wind Speed,,Wind Speed Data type: Continuous Value type: Field Observation Units: kilómetros por hora Units type: Velocity Unit abbreviation:  No data value: -9999 Speciation: ,kilómetros por hora,http://codes.wmo.int/common/unit/km_h-1,CONTINUOUS,,,day,yes,Argentina,ARG
5C817E8F57D758E6F6BCECEDBFD9745F6DF894FC,argentina-ina:INA:31,Precipitation,http://hydro.geodab.eu/hydro-ontology/concept/65,Precipitation Data type: Cumulative Value type: Field Observation Units: milímetros Units type: Length Unit abbreviation:  No data value: -9999 Speciation: ,milímetros,http://codes.wmo.int/common/unit/mm,TOTAL_SUCC,60,,minute,yes,Uruguay,URY
64E7218F9074369739F0B30C1E74C66B25930556,argentina-ina:INA:38,Precipitation,http://hydro.geodab.eu/hydro-ontology/concept/65,Precipitation Data type: Cumulative Value type: Field Observation Units: milímetros Units type: Length Unit abbreviation:  No data value: -9999 Speciation: ,milímetros,http://codes.wmo.int/common/unit/mm,TOTAL_PREC,,,day,yes,Argentina,ARG
7075721786F52D17847D1D6369D0F3E794795E5C,argentina-ina:INA:34,Precipitation,http://hydro.geodab.eu/hydro-ontology/concept/65,Precipitation Data type: Cumulative Value type: Field Observation Units: milímetros Units type: Length Unit abbreviation:  No data value: -9999 Speciation: ,milímetros,http://codes.wmo.int/common/unit/mm,TOTAL_SUCC,180,,minute,,Argentina,ARG
71611D4B44E467EFBF2F6EEE87B78EFB534F3B05,argentina-ina:INA:61,Barometric pressure,http://hydro.geodab.eu/hydro-ontology/concept/56,Barometric pressure Data type: Average Value type: Field Observation Units: miliBares Units type: Pressure Unit abbreviation:  No data value: -9999 Speciation: ,miliBares,http://codes.wmo.int/common/unit/hPa,AVERAGE_SUCC,60,,minute,,Argentina,ARG
791C5FA29A3F0F9E4EE8DF71C75903DC182CCB6D,argentina-ina:INA:68,Discharge,http://hydro.geodab.eu/hydro-ontology/concept/76,Discharge Data type: Maximum Value type: Field Observation Units: metros cúbicos por segundo Units type: Flow Unit abbreviation:  No data value: -9999 Speciation: ,metros cúbicos por segundo,http://codes.wmo.int/common/unit/m3_s-1,MAX,525960,,minute,,Argentina,ARG
80BD0922B58D9D6046AD71ACAADEB7119B3B0DF4,argentina-ina:INA:56,Wind Speed,,Wind Speed Data type: Average Value type: Field Observation Units: metros por segundo Units type: Velocity Unit abbreviation:  No data value: -9999 Speciation: ,metros por segundo,http://codes.wmo.int/common/unit/m_s-1,AVERAGE_SUCC,60,,minute,,Argentina,ARG
89BD97C1312892DD4E6B86B7E28DEAF8F48DD206,argentina-ina:INA:64,Wind Direction,http://hydro.geodab.eu/hydro-ontology/concept/67,Wind Direction Data type: Mode in Succeeding Interval Value type: Field Observation Units: grados Units type: Angle Unit abbreviation:  No data value: -9999 Speciation: ,grados,http://codes.wmo.int/common/unit/degree_(angle),,60,,minute,,Argentina,ARG
8F4EA0413BB85E1D685F0ECF3D51C279988413D7,argentina-ina:INA:14,Global Radiation,http://hydro.geodab.eu/hydro-ontology/concept/5167,Global Radiation Data type: Average Value type: Field Observation Units: Watts por metro cuadrado Units type: Energy Flux Unit abbreviation:  No data value: -9999 Speciation: ,Watts por metro cuadrado,http://codes.wmo.int/common/unit/W_m-2,AVERAGE_PREC,,,minute,yes,Argentina,ARG
A2AA1A2F5B281641A4E55EFA3DEC4A354C8A465A,argentina-ina:INA:59,Relative humidity,http://hydro.geodab.eu/hydro-ontology/concept/133,Relative humidity Data type: Average Value type: Field Observation Units: porcentaje Units type: Proportion Unit abbreviation:  No data value: -9999 Speciation: ,porcentaje,http://codes.wmo.int/common/unit/percent,AVERAGE_SUCC,,,day,,Argentina,ARG
A2B1CF474A22B805FB6B96660691432CF746C0D8,argentina-ina:INA:69,Discharge,http://hydro.geodab.eu/hydro-ontology/concept/76,Discharge Data type: Minimum Value type: Field Observation Units: metros cúbicos por segundo Units type: Flow Unit abbreviation:  No data value: -9999 Speciation: ,metros cúbicos por segundo,http://codes.wmo.int/common/unit/m3_s-1,MIN,525960,,minute,,Argentina,ARG
A78FCE28CA8836F1A7DD2EB5532B99E3E10A45AA,argentina-ina:INA:43,"Temperature, dew point",http://hydro.geodab.eu/hydro-ontology/concept/5296,"Temperature, dew point Data type: Continuous Value type: Field Observation Units: grados centígrados Units type: Temperature Unit abbreviation:  No data value: -9999 Speciation: ",grados centígrados,http://codes.wmo.int/common/unit/Cel,CONTINUOUS,,,day,,Argentina,ARG
B76CA15743F4E308EB1ECC713CC9A4C4AB1ACEDD,argentina-ina:INA:54,Temperature,http://hydro.geodab.eu/hydro-ontology/concept/40,Temperature Data type: Average Value type: Field Observation Units: grados centígrados Units type: Temperature Unit abbreviation:  No data value: -9999 Speciation: ,grados centígrados,http://codes.wmo.int/common/unit/Cel,AVERAGE_SUCC,60,,minute,,Argentina,ARG
B9240615C51DA438E9E02C9858887F1EE726EE2E,argentina-ina:INA:48,Discharge,http://hydro.geodab.eu/hydro-ontology/concept/76,Discharge Data type: Average Value type: Field Observation Units: metros cúbicos por segundo Units type: Flow Unit abbreviation:  No data value: -9999 Speciation: ,metros cúbicos por segundo,http://codes.wmo.int/common/unit/m3_s-1,AVERAGE_SUCC,1,,month,,Argentina,ARG
B9B3432E0A068A38A617B0B9DA756633FB8F4762,argentina-ina:INA:58,Relative humidity,http://hydro.geodab.eu/hydro-ontology/concept/133,Relative humidity Data type: Continuous Value type: Field Observation Units: porcentaje Units type: Proportion Unit abbreviation:  No data value: -9999 Speciation: ,porcentaje,http://codes.wmo.int/common/unit/percent,CONTINUOUS,,,day,yes,Argentina,ARG
CD59B39DBBD02109859570B58EAA33621CD1F85B,argentina-ina:INA:52,Discharge,http://hydro.geodab.eu/hydro-ontology/concept/76,Discharge Data type: Average Value type: Field Observation Units: metros cúbicos por segundo Units type: Flow Unit abbreviation:  No data value: -9999 Speciation: ,metros cúbicos por segundo,http://codes.wmo.int/common/unit/m3_s-1,AVERAGE_SUCC,1,,month,,Argentina,ARG
CEE1F03F85E1231A57C7E756527ED41B9C43820B,argentina-ina:INA:40,Discharge,http://hydro.geodab.eu/hydro-ontology/concept/76,Discharge Data type: Average Value type: Field Observation Units: metros cúbicos por segundo Units type: Flow Unit abbreviation:  No data value: -9999 Speciation: ,metros cúbicos por segundo,http://codes.wmo.int/common/unit/m3_s-1,AVERAGE_SUCC,1,,day,yes,Argentina,ARG
E02E2A436A24C1DB98D819A4705B8089856A9579,argentina-ina:INA:2,Gage height,http://hydro.geodab.eu/hydro-ontology/concept/3,Gage height Data type: Continuous Value type: Field Observation Units: metros Units type: Length Unit abbreviation:  No data value: -9999 Speciation: ,metros,http://codes.wmo.int/common/unit/m,CONTINUOUS,,,minute,,Argentina,ARG
E1BC0D40B78608E3806DA51ED4F5CDE1852EC46E,argentina-ina:INA:51,Discharge,http://hydro.geodab.eu/hydro-ontology/concept/76,Discharge Data type: Average Value type: Field Observation Units: metros cúbicos por segundo Units type: Flow Unit abbreviation:  No data value: -9999 Speciation: ,metros cúbicos por segundo,http://codes.wmo.int/common/unit/m3_s-1,AVERAGE_SUCC,1,,month,,Argentina,ARG
FA25FBBAD411D74E98BB9B663FA849BF03D0CEDE,argentina-ina:INA:49,Gage height,http://hydro.geodab.eu/hydro-ontology/concept/3,Gage height Data type: Average Value type: Field Observation Units: metros Units type: Length Unit abbreviation:  No data value: -9999 Speciation: ,metros,http://codes.wmo.int/common/unit/m,AVERAGE_SUCC,1,,month,,Argentina,ARG
02B12CBDEF3984F7ADB9CFDFBF065FC1D3AEF13F,meteorologia.gov.py:nivel_agua,nivel agua,,nivel_agua,mts,,,3,,hora,yes,Paraguay,PRY
04FCF4AC10BC45AA3F2FA05E153143B1EF8992C3,meteorologia.gov.py:temperatura_mínima,temperatura mínima,,temperatura_mínima,°C,http://codes.wmo.int/common/unit/Cel,,1,,dia,,Paraguay,PRY
15C7C09B0AC64CCD0664CBE8D401D44308836D29,meteorologia.gov.py:presion_nivel_estacion,presion nivel estacion,,presion_nivel_estacion,hpa,http://codes.wmo.int/common/unit/hPa,,3,,hora,yes,Paraguay,PRY
1841413E785E4DFD2229F3133C0CCBC6D9E3719A,meteorologia.gov.py:temperatura_maxima,temperatura maxima,,temperatura_maxima,°C,http://codes.wmo.int/common/unit/Cel,,1,,dia,,Paraguay,PRY
49BCF861BB568173E0B02176AA721009C9088D63,meteorologia.gov.py:temperatura_punto_rocio,temperatura punto rocio,,temperatura_punto_rocio,°C,http://codes.wmo.int/common/unit/Cel,,3,,hora,yes,Paraguay,PRY
5D0C08BE0162119167DA534DDCA2B64DA101A4A2,meteorologia.gov.py:tiempo_presente,tiempo presente,,tiempo_presente,OMM,,,3,,hora,yes,Paraguay,PRY
62080AC18135154736A1C09B85279F3B0A0179A7,meteorologia.gov.py:direccion_viento,direccion viento,,direccion_viento,°,,,3,,hora,yes,Paraguay,PRY
81739B95E85BE5AEB3ECB838B9C22C3A4B52763A,meteorologia.gov.py:tiempo_pasado,tiempo pasado,,tiempo_pasado,OMM,,,3,,hora,yes,Paraguay,PRY
86F218C3D884DEA644CBE83972876D6CB1A25C12,meteorologia.gov.py:nubosidad,nubosidad,,nubosidad,OMM,,,3,,hora,yes,Paraguay,PRY
934CF3015212D5490A0B68D531922D7B76E5D791,meteorologia.gov.py:temperatura_bulbo_humedo,temperatura bulbo humedo,,temperatura_bulbo_humedo,°C,http://codes.wmo.int/common/unit/Cel,,3,,hora,yes,Paraguay,PRY
AD695C354E68C199DB1D21BD1F3F0C3ABC7A2922,meteorologia.gov.py:visibilidad,visibilidad,,visibilidad,??,,,3,,hora,yes,Paraguay,PRY
AF6C35E61AC362E0151B6458DADCB032043B67EA,meteorologia.gov.py:precipitacion,precipitacion,http://hydro.geodab.eu/hydro-ontology/concept/65,precipitacion,mm,http://codes.wmo.int/common/unit/mm,,3,,hora,,Paraguay,PRY
BB4BD08CDA1D95A222383977E96F4F28F94ED775,meteorologia.gov.py:velocidad_viento,velocidad viento,,velocidad_viento,KM/H,http://codes.wmo.int/common/unit/km_h-1,,3,,hora,yes,Paraguay,PRY
DECC8F83BB8711C098DD30D3A57D0C6349D7B416,meteorologia.gov.py:insolacion,insolacion,,insolacion,Hora,,,1,,dia,yes,Paraguay,PRY
EE3C58F498864F5FD97B6187696330B95BFEBFE9,meteorologia.gov.py:presion_nivel_mar,presion nivel mar,,presion_nivel_mar,hpa,http://codes.wmo.int/common/unit/hPa,,3,,hora,yes,Paraguay,PRY
F4D94E44A1A977278F5ACBC9F94AF02777CF474D,meteorologia.gov.py:temperatura_aire,temperatura aire,,temperatura_aire,°C,http://codes.wmo.int/common/unit/Cel,,3,,hora,,Paraguay,PRY
86495CF57EC882B8B6E0766D11B3929172149896,https://apitempo.inmet.gov.br/plata/:4,pressure,http://hydro.geodab.eu/hydro-ontology/concept/52,pressure,Pa,http://codes.wmo.int/common/unit/Pa,CONTINUOUS,,,hour,,,
8A5FE10D046A4FB177DCF4BB3BFE67313FD71A01,https://apitempo.inmet.gov.br/plata/:1,relativeHumidity,,relativeHumidity,%,http://codes.wmo.int/common/unit/percent,CONTINUOUS,,,hour,,,
973453E5B8A696A9C7FC01EFC5B6EA5D536A1107,https://apitempo.inmet.gov.br/plata/:10,totalPrecipitationOrTotalWaterEquivalent,,totalPrecipitationOrTotalWaterEquivalent,kg m-2,http://codes.wmo.int/common/unit/kg_m-2,CONTINUOUS,,,hour,,,
BC1F8B64EBAB0494EADF4ABBB9CB32F4190DB20F,https://apitempo.inmet.gov.br/plata/:3,airTemperature,,airTemperature,K,http://codes.wmo.int/common/unit/K,CONTINUOUS,,,hour,yes,,
C14D477AE048F4DEBB1FAD900151149BB63A6EB1,https://apitempo.inmet.gov.br/plata/:2,dewpointTemperature,,dewpointTemperature,K,http://codes.wmo.int/common/unit/K,CONTINUOUS,,,hour,,,
DC9BA89560329E43B5553873421EB02A962904F3,https://apitempo.inmet.gov.br/plata/:12,totalSnowDepth,,totalSnowDepth,m,http://codes.wmo.int/common/unit/m,CONTINUOUS,,,hour,,,
FA87BE262FDB6FFEB0AA0A8F58A38CE447C2795E,https://apitempo.inmet.gov.br/plata/:9,totalPrecipitationPast24Hours,,totalPrecipitationPast24Hours,kg m-2,http://codes.wmo.int/common/unit/kg_m-2,TOTAL,24,,hour,yes,,
